Character,Sentence
鄧不利多,我早該知道你會在這裡，麥教授。
麥教授,晚上好，鄧不利多教授。
麥格,謠言是真的嗎，阿不思？
鄧不利多,恐怕是這樣，教授。
鄧不利多,好與壞。
麥格,那男孩呢？
麥格,你認為把這麼重要的事情託付給海格明智嗎？
鄧不利多,啊，教授，我願意將我的生命託付給海格。
鄧不利多,沒問題，我相信，海格？
海格,當我們飛越布里斯托時，小傢伙睡著了。
麥格,我看了他們一整天。
麥格,他們是可以想像到的最糟糕的麻瓜。
麥格,這個男孩將會出名。
麥格,我們的世界上不會有一個孩子不知道他的名字。
鄧不利多,遠離這一切，他的成長要好得多。
鄧不利多,直到他準備好為止。
鄧不利多,畢竟，這並不是真正的再見。
佩妮,現在！
達德利,醒醒吧，表弟！
潘妮,他來了，生日男孩。
潘妮,你為什麼不直接做早餐呢，並且盡量不要燒焦任何東西。
佩妮,我希望我的達力的特殊日子一切都完美！
潘妮,親愛的，它們不是很棒嗎？
達德利,有多少人？
潘妮,哦，現在，現在，現在。
佩妮,這就是我們要做的…
潘妮,我們出去的時候，我們要買兩件新禮物給你。
佩妮,怎麼樣，南瓜？
佩妮,在動物園裡這應該是美好的一天。
佩妮,我真的很期待。
哈利,只是，我以前從未和蛇說過話。
哈利,那兒好嗎？
哈利,我也不認識我的父母。
潘妮,我親愛的孩子！
潘妮,你是怎麼進去的？
潘妮,這是誰幹的？
潘妮,你是怎麼進去的？
佩妮,有蛇嗎？
潘妮,沒關係，親愛的。
潘妮,我們會讓你脫掉這些冷衣服的。
佛農,發生什麼事了？
哈利,前一分鐘玻璃還在那裡，然後就消失了，就像魔法一樣。
佛農,世界上不存在魔法這樣的東西。
佩妮,微笑吧！
潘妮,我簡直不敢相信！
潘妮,一週後，他就要去斯梅爾廷斯了。
潘妮,別這麼傻！
潘妮,你要去公立學校。
佩妮,這就是我染完之後你會穿的。
哈利,它會像舊大像皮一樣適合我。
佩妮,它很適合你。
佩妮,去拿郵件吧。去！
潘妮,親愛的，祝你在辦公室度過愉快的一天。
弗農,在我看來，這是一周中最好的一天。
佛農,不，先生，沒有一個被詛咒的，悲慘的......
佛農,就是這樣！
佛農,我要求您立即離開，先生！
海格,當然，你了解霍格華茲的一切。
海格,我敢打賭，一旦你受過一點訓練，一定會是個非常棒的。
哈利,你一直都知道卻從來沒有告訴我？
佩妮,我們當然知道。
潘妮,你怎麼可能不是？
潘妮,我完美的妹妹就是她。
潘妮,當她收到信的那天，我的父母非常自豪。
佩妮,我們家有一個女巫。
佩妮,“這不是很棒嗎？”“”
潘妮,我是唯一一個看到她真實面目的人。
潘妮,一個怪胎！
佩妮,然後她遇到了那個波特，然後她有了你…
佩妮,同樣奇怪，同樣不正常。
潘妮,然後，如果你願意的話，她就去把自己炸了！
潘妮,我們和你一起降落了。
佩妮,我們必須說點什麼。
海格,這個男孩從出生就被記下來了。
佛農,我不會付錢請某個瘋狂的老傻瓜教他魔術。
海格,哦，嗯，如果你沒有告訴霍格華茲的任何人這件事，我會很感激。
海格,嚴格來說，我不會施展魔法。
海格,當然，除非你願意留下來。
海格,如果你知道要去哪裡的話。
奇洛,並不是說你需要它，呃，波特？
海格,是的，好吧，現在必須走了。
哈利,但是我為什麼出名呢，海格？
海格,我不確定我是不是告訴你這件事的合適人選，哈利。
哈利,但是，海格，我該如何支付這一切費用呢？
海格,好吧，這是你的錢，哈利。
海格,妖精雖然聰明，但不是最友善的野獸。
海格,沒想到你的媽媽和爸爸會什麼都沒有留給你，是嗎？
海格,沒有比這裡更好的地方了。
奧利凡德,我想知道什麼時候能見到你，波特先生。
奧利凡德,你的父母在這裡購買他們的第一根魔杖，彷彿就在昨天。
奧利凡德,不，不，絕對不。
哈利,抱歉，但是有什麼奇怪的呢？
奧利凡德,我記得我賣過的每一根魔杖，波特先生。
奧利凡德,碰巧，尾羽插在你魔杖裡的鳳凰又給了另一根羽毛。
奧利凡德,奇怪的是，當它的兄弟給了你那道傷疤時，你注定要擁有這根魔杖。
哈利,那根魔杖是誰的？
奧利凡德,我們不提他的名字。
奧利凡德,魔杖選擇了巫師，波特先生。
奧利凡德,原因並不總是清楚。
奧利凡德,但我認為很明顯，我們可以從你身上期待偉大的事情。
奧利凡德,畢竟，那個連名字都不能提的人做了偉大的事。
海格,你看起來很安靜。
海格；首先，要理解這個哈利，因為它非常重要,
海格,幾年前，有一個巫師，他變得非常糟糕。
哈利,也許你把它寫下來？
海格,任何反抗他的人都死了。
海格,但是一旦他決定殺了他們，就沒有人活下來了。
海格,除了你。
海格,這樣的印記只能來自於被詛咒觸碰，而且是邪惡的詛咒。
海格,不，我想他在外面還是太累了，無法繼續下去。
海格,但是有一件事是絕對確定的。
海格,那天晚上你身上的某些東西讓他難住了。
海格,這就是你出名的原因。
海格,你是活下來的男孩。
哈利,沒有這樣的事，是嗎？
衛斯理太太,這也是榮恩第一次來霍格華茲。
衛斯理太太,你要做的就是沿著9號月台和10號月台之間的牆壁直走。
羅恩,有巧克力和薄荷，還有菠菜、肝臟和牛肚。
羅恩,這只是一個咒語。
榮恩,哦，運氣真倒楣。
妙麗,哦，你在施魔法嗎？
妙麗,那我們來看看吧。
妙麗,你確定那是真的咒語嗎？
妙麗,呃，這不太好，是嗎？
妙麗,當然，我自己只嘗試過一些簡單的方法，但它們都對我有用。
妙麗；例如,
妙麗,那你是…？
妙麗,順便說一句，你鼻子上有髒東西。
妙麗,就在那裡。
麥格,現在，過一會兒，你就會穿過這些門，與你的同學會合。
麥格,但是在你們就座之前，你們必須被分到你們的房間。
麥格,現在，當你在這裡的時候，你的房子就像你的家人一樣。
麥格,你的勝利將為你贏得積分。
麥格,任何違反規則的行為，你都會失分。
麥格,分院儀式馬上開始。
馬份,那他們在火車上說的都是真的。
馬份,這是克拉布和高爾。
馬份,你一定是衛斯理家的人。
馬份,我們很快就會發現有些巫師家庭比其他家庭好，波特。
馬份,你不想和錯誤的人交朋友。
馬份,我可以幫你。
哈利,我想我自己能分辨出錯誤的類型，謝謝。
妙麗,天花板不是真的。
妙麗；我在《霍格華茲,一部歷史》中讀到這件事。
麥格,好吧，請你在這裡等一下好嗎？
麥格,現在，在我們開始之前，鄧不利多教授想說幾句話。
鄧不利多,我有一些開學通知要宣布。
鄧不利多,一年級的學生請注意，黑暗森林嚴禁所有學生進入。
鄧不利多,另外，我們的看門人費爾奇先生讓我提醒你，右手邊的三樓走廊對於所有不想遭受最痛苦死亡的人來說都是禁區。
鄧不利多,謝謝你。
麥格,當我叫你的名字時，你就會出現。
麥格,我會把分院帽戴在你頭上，你將被分入你的學院。
鄧不利多,盛宴開始吧。
哈利,餵，派西，和奇洛教授說話的那個老師是誰？
珀西,哦，那是石內卜教授，史萊哲林學院院長。
波西,但眾所周知，他喜歡的是黑魔法。
妙麗,差點沒頭了？
珀西,這是通往宿舍最直接的道路。
珀西,哦，注意樓梯。
波西,請跟上，跟我來。
波西,快點，來吧。快點。
派西,大家跟我來。趕上。
波西,快點，快點。
波西,歡迎來到葛萊分多公共休息室。
波西,女孩們，你們右邊也一樣。
波西,你會發現你的東西已經被拿來了。
麥格,謝謝你的評價，衛斯理先生。
麥格,也許，如果我把波特先生和你自己變成一隻懷錶會更有用。
麥格,這樣一來，你們中的一個人就可能準時了。
麥格,那也許是一張地圖？
麥格,我相信你不需要有人來找到你的座位。
石內卜,這堂課上不會有愚蠢的揮舞魔杖或愚蠢的咒語。
石內卜,因此，我不指望你們中的許多人能夠欣賞魔藥製作中的微妙科學和精確藝術。
石內卜,然而，對於那些少數擁有這種傾向的人，我可以教你如何迷惑心靈並誘騙感官。
石內卜,我可以告訴你如何裝瓶名譽釀造榮耀，甚至塞上死亡的塞子。
石內卜,話又說回來，也許你們中的一些人來到霍格華茲就擁有如此強大的能力，以至於你有足夠的信心去不去注意。
石內卜,告訴我，如果我在艾草浸泡液中加入水仙根粉，會得到什麼？
石內卜,你不知道嗎？好吧，讓我們再試一次。
石內卜,波特先生，如果我要你幫我找一塊牛黃，你會看哪裡？
石內卜,附子和狼毒有什麼差別？
石內卜,顯然，名氣不是一切，波特先生？
石內卜,把手放下，你這個傻女孩！
石內卜,水仙和艾草製成的安眠藥水非常強大，被稱為「活死人藥水」。
石內卜,牛黃是從山羊胃裡取出的一塊石頭，它可以保護你免受大多數毒物的侵害。
石內卜,附子和狼毒是同一種植物，也叫附子。
妙麗,當煙霧變成紅色時，就代表你忘了什麼。
哈利,「據信是黑巫師或女巫所為，古靈閣妖精雖然承認有違規行為，但堅稱沒有任何東西被拿走。
哈利,那是我和海格去過的金庫。
霍奇女士；“把你的右手放在掃帚上，然後說,“起來。””
奈威,倒下，倒下！
馬份,你看到他的臉了嗎？
馬份,也許如果那塊肥肉擠壓了這個，他就會記得倒在他肥肥的屁股上。
妙麗,你聽到霍奇太太說的話了。
妙麗,而且，你甚至不知道怎麼飛。
馬份,是這樣嗎？
馬份,那就隨你的吧。
羅恩,但是一年級的學生從來沒有進入過他們的學院球隊！
喬治,當然不能做出任何承諾。
妙麗,你不會出醜的。
妙麗,它就在你的血液裡。
妙麗,樓梯變了，還記得嗎？
羅恩,有人覺得……我們不應該在這裡嗎？
妙麗,這是三樓。
羅恩,就這樣，我們完了！
妙麗,哦，走開！
費爾奇,有人在嗎，親愛的？快點。
妙麗,你沒看到它站在什麼上面嗎？
妙麗,它站在活板門上。
妙麗,這意味著它不是偶然出現的。
妙麗,它在守護著什麼東西。
奧利佛,這個叫鬼飛球。
奧利佛,守門員，就是我，負責防守籃框。
奧利佛,到目前為止和我在一起嗎？
奧利佛,小心點，它又回來了。
哈利,那是什麼？
奧利佛,但你是個找球手。
奧利佛,啊，你現在喜歡了。
奧利佛,速度太快了，幾乎無法看見。
奧利佛,你抓住了這個，波特，我們就贏了。
弗立維,巫師最基本的技能之一是懸浮，使物體飛起來的能力。
弗立維,現在，呃，別忘了我們一直在練習的手腕動作，嗯？
弗立維,那你走吧。
妙麗,而且，你說錯了。
弗立維,哦，幹得好！
弗立維,大家看這裡！
弗立維,哦，太棒了！
哈利,我想我們這裡還需要一根羽毛，教授。
羅恩,是萊維奧薩，不是萊維薩。
奇洛,我想你應該知道。
鄧不利多,現在，級長們將把他們的家人帶回宿舍。
鄧不利多,老師們會跟著我去地牢。
哈利,什麼都行！
妙麗,揮舞吧！
妙麗,它……死了嗎？
妙麗,這是我的錯，麥教授。
麥格,不管怎樣……這是一件極其愚蠢的事。
麥格,我以為你會表現得更理性，但我對你感到非常失望，格蘭傑女士。
麥格,至於你們兩位先生，我只希望你們意識到你們是多麼幸運。
麥格,沒有多少一年級學生能夠與成年山地巨魔較量並活著講述這個故事。
哈利,你真好，讓我們擺脫了這樣的麻煩。
哈利,請注意，如果你沒有侮辱她，她可能不需要拯救。
石內卜,祝你今天好運，波特。
石內卜,話又說回來，既然你已經證明了自己能對抗巨魔，那麼打一場魁地奇比賽對你來說應該是輕而易舉的事……即使是對陣史萊哲林。
哈利,我在古靈閣的那天，海格從金庫裡拿出了一些東西。
妙麗,所以你是說…
哈利,這就是石內卜想要的。
弗林特,站那一邊！
妙麗,交給我吧。
海格,那是絕密。
哈利,但是海格，不管毛毛在守護什麼，跩哥卻想偷走它！
海格,我不該這麼說。
妙麗,這太野蠻了！
妙麗,看你還沒有。
哈利,你父親去世前把這個留給了我。
哈利,沒有名字。
費爾奇,誰在那兒？！
費爾奇,我知道你在裡面。
石內卜,你不想讓我成為你的敵人，奇洛。
石內卜,你完全明白我的意思。
石內卜,當你有時間決定你的忠誠所在。
哈利,你看到他們了，不是嗎？
羅恩,那面鏡子有些不對勁。
鄧不利多,我看到你和你之前的許多人一樣，已經發現了厄里斯魔鏡的樂趣。
鄧不利多,世界上最幸福的人照鏡子時只能看到自己，一模一樣。
鄧不利多,是……又不是。
鄧不利多,它向我們展示的正是我們內心最深處、最絕望的渴望。
鄧不利多,現在你，從來不認識你的家人，你看到他們站在你身邊。
鄧不利多,這面鏡子既不給我們知識，也不給我們真理。
鄧不利多,人類在它面前已經衰弱了，甚至發瘋了。
鄧不利多,所以明天它就要搬到新家了，我必須請你不要再去找它了。
鄧不利多,哈利，沉迷於夢想而忘記人生是不行的。
妙麗,請問，如果期末考出現這個問題，你打算怎麼辦？
妙麗,不，你不會的。
妙麗,此外，根據麥教授的說法，我們將獲得帶有反作弊咒語的特殊羽毛筆。
羅恩,你必須開始勇敢地面對人們，內維爾。
西莫,我不喜歡這種暗示，隆巴頓。
妙麗,跟我來！
奈威,那反咒呢？
妙麗,老實說，你們兩個不讀書嗎？
妙麗,「賢者之石是一種具有驚人力量的傳奇物質。
妙麗,它可以將任何金屬變成純金，並產生長生不老藥，飲用者可以永生。
妙麗,這意味著你永遠不會死。
妙麗,這就是毛毛在三樓看守的地方。
妙麗,這就是活板門底下的東西…
妙麗,當然！還有其他東西在保衛寶石，不是嗎？
海格,如果你問我的話，那真是浪費時間。
海格,除了我和鄧不利多。
哈利,呃，海格，那到底是什麼？
海格,我贏了。我在一家酒吧遇見了一個陌生人。
海格,事實上，似乎很高興擺脫它。
妙麗,那是……龍嗎？
羅恩,那不只是一條龍。
海格,他很漂亮嗎？哦。祝福他，看看。
海格,是的，好吧，他必須有個名字，不是嗎？
海格,不是嗎，諾伯特？德德德德。
海格,當然，他必須接受一些訓練。
哈利,我第一次見到他時他就這麼告訴我的。
妙麗,這樣很糟糕嗎？
麥格,我再說一遍，沒有什麼可以賦予學生晚上在學校走動的權利。
麥格,因此，作為對你行為的懲罰，將扣50分。
馬份,也許我聽錯了。
麥格,不，你沒聽錯，馬份先生。
麥格,你看，儘管你的意圖是光榮的，你也下班後就起床了。
麥格,你將和你的同學一起被拘留。
費爾奇,天哪，我想念尖叫聲。
費爾奇,他在黑暗森林裡有一件小事要做。
費爾奇,噢，天哪，老兄，你不是還在談論那條該死的龍，是嗎？
妙麗,嗯，那很好，不是嗎？
海格,是的，但是如果他不喜歡羅馬尼亞呢？
海格,畢竟他只是個嬰兒。
費爾奇,哦，看在上帝的份上，振作起來吧，老兄。
費爾奇,畢竟你要進入森林了。
馬份,我們不能進去。
海格,現在，這個人受了重傷。
海格,所以，我們的工作就是要找到這隻可憐的野獸。
馬份,你等著我父親聽到這件事。
馬份,這是僕人的東西。
哈利,如果我不知道的話，德拉科，我會說你很害怕。
馬份,你聽到了嗎？
哈利,什麼事，方？
哈利,但是你救我脫離的那件事是什麼？
佛羅倫斯,喝獨角獸的血會讓你活下去，即使你離死亡只有一吋。
費倫澤,你殺死瞭如此純潔的東西，當鮮血接觸到你的嘴唇的那一刻，你就只剩下半衰期了。
妙麗,你是說，神祕人現在就在外面的森林裡？
哈利,你沒看到嗎？我們錯了。
羅恩,但是如果他回來了，你認為他不會想殺你，對嗎？
妙麗,佛地魔一直害怕的巫師是誰？
妙麗,只要鄧不利多在，你就安全。
妙麗,只要鄧不利多在身邊，你就不能被碰觸。
妙麗,以前也發生過這樣的事。
哈利,海格最想要的是一條龍，而一個陌生人出現並且剛好擁有一條龍，你不覺得這有點奇怪嗎？
哈利,不過，那個陌生人，你和他一定已經談過了。
海格,嗯，他想知道我照顧什麼樣的生物。
麥格,恐怕鄧不利多教授不在這兒。
哈利,但這很重要！
麥格,我不知道你們三個是怎麼知道這塊石頭的，但我可以向你們保證它受到了很好的保護。
麥格,現在你要回宿捨了嗎？悄悄。
哈利,海格在村裡遇到的人並不陌生。
哈利,是石內卜，這意味著他知道如何繞過毛毛。
石內卜,現在，像你們這樣的三個年輕的葛萊分多在這樣的一天會在裡面做什麼？
石內卜,你要小心點。
石內卜,人們會認為你在搞事。
妙麗,現在我們該怎麼辦？
妙麗,你們兩個都別動。
妙麗,放鬆點！
哈利,是的，是的，我很好。
妙麗,他沒有放鬆，是嗎？
妙麗,就是這樣！惡魔網討厭陽光！
哈利,它們不是鳥，它們是鑰匙。
羅恩,嗯，值得一試。
哈利,翅膀折斷的那個！
哈利,這太簡單了。
妙麗,我一點也不喜歡這樣。
妙麗,現在我們該怎麼辦？
妙麗,現在發生什麼事了？
羅恩,好吧，白棋先走，然後……我們下棋。
妙麗,一定還有別的辦法！
妙麗,還有更重要的事。
奇洛,相信我，如果石內卜的斗篷沒有著火併打斷我的目光接觸，我就會成功。
奇洛,我從一開始就知道你是個危險。
奇洛,當其他人都跑向地牢時，他卻到三樓阻止我。
奇洛,當然，他再也沒有信任過我。
奇洛,但是我怎麼才能得到它？
奇洛,主人，你還不夠強大。
佛地魔,我有足夠的力量做到這一點。
佛地魔,獨角獸之血可以維持我的生命，但它不能給我一個屬於我自己的身體。
佛地魔,但是有一種東西可以做到。
佛地魔,有東西，就在你的口袋裡，而且很方便！
佛地魔,別傻了！
佛地魔,告訴我，哈利，你想再見到你的父母嗎？
佛地魔,只要我們齊心協力，就能把他們帶回來。
佛地魔,我所要求的只是回報。
佛地魔,沒有善惡之分。
佛地魔,只有力量，而那些弱小的人卻無法尋求它。
佛地魔,我們在一起會做出非凡的事。
佛地魔,把石頭給我吧！
鄧不利多,你和奇洛教授之間在地牢裡發生的事情是一個完全的秘密，所以，自然，整個學校都知道。
鄧不利多,啊，我看到你的朋友羅納德省去了你打開巧克力蛙的麻煩。
哈利,但是，石頭怎麼了？
鄧不利多,我和我的朋友尼可拉斯聊了一會兒，一致認為這是最好的選擇。
哈利,但是勒梅，他會死，不是嗎？
鄧不利多,他有足夠的聖水來安排他的事務。
鄧不利多,但是，是的，他會死。
哈利,我是怎麼得到寶石的，先生？
哈利,前一分鐘我還盯著鏡子，下一分鐘…
鄧不利多,這是我最絕妙的想法之一。
鄧不利多,在你我之間，這就是說的。
哈利,這是否意味著，隨著魔法石的消失，佛地魔再也不會回來了？
鄧不利多,啊，恐怕有辦法讓他回來。
鄧不利多,那是因為你的母親。
鄧不利多,她為你犧牲了自己，這種行為會留下痕跡。
鄧不利多,不，不，這種標記是看不見的。
鄧不利多,我年輕時最不幸地遇到了一種嘔吐味的，從那時起我就不再喜歡它們了。
妙麗,再好不過了。
鄧不利多,又一年過去了。
鄧不利多,現在，據我了解，學院盃需要頒獎，積分就這樣。
鄧不利多,是的，是的，幹得好，史萊哲林，幹得好，史萊哲林。
鄧不利多,最後，對抗你的敵人需要很大的勇氣，但對抗你的朋友需要更多的勇氣。
鄧不利多,假設我的計算是正確的，我相信改變方向是正確的。
海格,你以為你不辭而別就走了嗎，是嗎？
哈利,但是海格，我們不可以在霍格華茲之外施展魔法。你懂的。
妙麗,回家感覺很奇怪，不是嗎？
哈利,我不能讓你出去，海德薇。
哈利,我不可以在校外使用魔法。
哈利,此外，如果弗農姨丈…
哈利,現在你已經做到了。
佩妮,他在裡面。弗農...
哈利,但是她很無聊！
哈利,如果我只能出去一兩個小時就好了
佛農,哈，哈！這樣你就可以向你的怪異小朋友發送秘密訊息。不，先生！
哈利,但是整個夏天我都沒有收到任何朋友的消息……一個也沒有。
達德利,誰願意和你做朋友？
佛農叔叔,我們從你還是個嬰兒的時候就撫養你，給你我們桌上的食物，甚至讓你擁有達力的第二間臥室，純粹是出於我們的善良。
佩妮阿姨,在休息室裡，熱情地等待歡迎他們來到我們家。
達德利,我會等著開門！
哈利,我會待在我的臥室裡，不發出任何聲音，假裝我不存在。
佛農叔叔,太對了，你會的。
佛農叔叔,如果運氣好的話，今天很可能是我職業生涯中最重要的交易。
哈利,你是誰？
哈利,不是要無禮什麼的，但這對我來說不是在臥室裡養家小精靈的好時機。
哈利,你為什麼不坐下來？
哈利,我無意冒犯你，或別的什麼。
多比,多比聽說過您的偉大，先生，但他從來沒有像一個平等的巫師一樣被要求坐下。
哈利,那你不可能遇到很多正派的巫師。
多比,不，我沒有。
多比,這真是一件可怕的事。
哈利,多比，請停下來！
哈利,停下！停下來，多比。
哈利,請安靜！
哈利,你還好嗎？
多比,多比必須懲罰自己，先生。
多比,多比差點說他家人的壞話，先生。
多比,多比為巫師家族服務，先生。
多比,但是多比必須來。
多比,哈利波特今年絕對不能再回霍格華茲魔法學校了！
多比,有一個陰謀，一個讓最可怕的事情發生的陰謀。
哈利,什麼可怕的事？
哈利,誰在策劃他們？
多比,別讓我說話，我－－呃…
哈利,把燈給我！多比住手！
多比,放開我！
哈利,進去，保持安靜！
哈里,對不起。
哈利,是的，先生……明白我為什麼要回去了嗎？
哈利,我不屬於這裡。
哈利,我屬於你的世界，在霍格華茲。
哈利,這是我唯一有朋友的地方！
DOBBY,那些甚至不寫信給哈利波特的朋友？
哈利,嗯，我想他們已經…等一下——
哈利,你怎麼知道我的朋友沒有寫信給我？
哈利,把那些給我，現在！
哈利,多比，回來吧！
哈利,多比，拜託，不要！
哈利,我不能。霍格華茲是我的家！
多比,那麼，為了哈利波特的利益，多比必須這樣做，先生。
佛農叔叔,……它蔓延到了眼睛所能看到的最遠的地方，遍布這座巨大建築的地板，而且有這麼深。
佛農叔叔；一位水管工說,“看看那些水。”
弗農叔叔；A——第二個水管工說,“是的，這只是最重要的！”
佛農叔叔,這就是我把他留在樓上的原因！
榮恩,嗨，哈利！
哈利,你們都在這裡做什麼？
羅恩,當然是救你。
羅恩,現在，來吧。拿起你的行李箱！...
羅恩,你最好退後一點。我們走吧！
喬治,走，走，走，走！
榮恩,來吧，哈利！趕快！
哈利,啊——啊！
哈利,放開我！
哈利,下車！
喬治,對啊！
榮恩,順便說一句，哈利，生日快樂！
弗雷德,來吧。好吧，來吧。噓！
弗雷德,噓！好的，來吧。噓！快點。
羅恩,你覺得我們吃點這個可以嗎？
喬治,是的，媽媽永遠不會知道。
榮恩,雖然不大，但它就是家。
哈里,我覺得這太棒了
太太。衛斯理,你去哪裡了？
太太。衛斯理,哈利，親愛的，見到你真高興。
太太。衛斯理,床空了！沒有備註！車沒了！
太太。衛斯理,你可能會死！你可能已經被看見了！
太太。衛斯理,當然，我不怪你，親愛的哈利。
榮恩,他們讓他挨餓了，媽媽。
榮恩,他的窗戶上有柵欄！
太太。衛斯理,好吧，你最好希望我不要在你的窗戶上裝上柵欄，羅納德‧衛斯理！
太太。威斯利,來吧，哈利，該吃早餐了。
太太。衛斯理,我們是哈利。
太太。衛斯理,現在就睡覺吧！就是這樣。我們開始吧。
哈里,你好。我、我做了什麼？
太太。衛斯理,早安，亞瑟！
先生。衛斯理,多麼美好的夜晚。九次襲擊。九！
羅恩,爸爸在魔法部濫用麻瓜文物辦公室工作。
羅恩,爸爸喜歡麻瓜，認為他們很迷人。
先生。衛斯理,現在好了。啊啊！你是誰？
哈利,哦，對不起，先生。我是哈利，先生，哈利波特。
先生。威斯利,嗯，當然，榮恩已經告訴我們關於你的一切了。
先生。衛斯理,他什麼時候到這裡的？
太太。衛斯理,今天早上。昨晚，你的兒子們駕駛著你那輛神奇的汽車往返薩裡。
先生。威斯利,我的意思是……這確實是非常錯誤的，孩子們。
先生。威斯利,現在，哈利，你一定知道麻瓜的一切了。
哈利,噢，嗯…
太太。威斯利,嗯，負責這個職位的是埃羅爾。
太太。威斯利,噢，派西，請把它拿過來好嗎？
榮恩,他總是那樣做。
派西,哦，看，這是我們霍格華茲的信。
波西,他們也寄了哈利給我們的。
先生。威斯利,鄧不利多一定知道你在這裡，哈利。
先生。衛斯理,不要錯過任何一個把戲，那個人。
太太。衛斯理,哦，不。
佛瑞德,媽媽，這批貨可不便宜。
佛瑞德,光是咒語書就很貴了。
太太。衛斯理,我們會處理的。
太太。衛斯理,我們只有一個地方可以得到這一切。
太太。衛斯理,我們到了，哈利。
太太。衛斯理,你先走，親愛的。
榮恩,但是哈利以前從來沒有搭乘飛路粉旅行過，媽媽。
哈利,飛路粉？
太太。衛斯理,你先走，榮恩，這樣哈利就能看到這是怎麼做的。是的。
太太。衛斯理,你進去吧。
太太。衛斯理,就是這樣。
太太。衛斯理,別害怕。快點。
太太。衛斯理,你進去吧。就是這樣。
太太。衛斯理,是的。
太太。衛斯理,現在，拿起你的飛路粉。
太太。衛斯理,就是這樣，非常好。
太太。衛斯理,現在，別忘了說得非常非常清楚。
哈利,對角線。
太太。衛斯理,他說什麼，親愛的？
先生。衛斯理,對角線。
太太。衛斯理,我以為他做到了。
先生。博金,如果可以的話，就在今天——
盧修斯‧馬爾福,我今天不買，博金先生。
盧修斯·馬爾福,當然，你聽說魔法部正在進行更多的突襲。
盧修斯‧馬份,我家裡有一些……啊……如果魔法部打電話來的話，這些東西可能會令人尷尬。
德拉科,我可以要這個嗎？
先生。博金,啊，榮耀之手。
先生。博金,您的兒子品味很好，先生。
盧修斯·馬份,我以為你會因為一個非巫師家庭的女孩在每次考試中都擊敗你而感到羞恥。
先生。博金,一切都一樣。
先生。博金,巫師的血統在任何地方都越來越不值錢了。
盧修斯·馬爾福,不跟我一起。
女巫,你沒有迷路吧，親愛的？
哈利,我很好，謝謝你。我正要去...
海格,你覺得你在這裡做什麼？快點。
海格,你真是一團糟，哈利。
海格,不想讓任何人看到你在那裡。
海格,人們會認為你不懷好意。
哈利,我迷路了，我…
哈利,你當時在下面做什麼？
海格,我正在尋找食肉蛞蝓驅避劑。
海格,他們毀了學校所有的高麗菜。
妙麗,很高興見到你。
哈利,見到你也很高興。
妙麗,你的眼鏡怎麼了？
哈利,我絕對需要記住這一點。
海格,那你現在就沒事了，哈利？
海格,對。我就交給你了。
妙麗,好的，再見。
哈利,謝謝你。再見。
妙麗,得了吧，大家都很擔心。
太太。衛斯理,謝天謝地。
太太。衛斯理,我們本來希望你只是做得太過頭了。
太太。衛斯理,噢，他來了。
攝影師,請讓路。
攝影師,女士，讓我過去。謝謝。
攝影師,對不起，小女孩。
攝影師,這是《預言家日報》的。
洛克哈特,不可能。哈利波特？
攝影師,對不起，女士。
洛克哈特,笑容燦爛，哈利。
洛克哈特,你和我一起對頭版進行評價。
洛克哈特,女士們先生們，這是多麼非凡的時刻。
洛克哈特,今天早上，當年輕的哈利走進Flourish and Blotts購買我的自傳《神奇的我》時…
洛克哈特,他不知道他實際上會免費帶著我的全部作品集離開。
洛克哈特,現在，女士們？
太太。衛斯理,哈利，現在你把這些給我，我會讓他們簽名。
太太。衛斯理,你們都在外面等著。
太太。衛斯理,就是榮恩。
德拉科,我敢打賭你一定喜歡這個，不是嗎，波特？
德拉科,不登上頭版就不能進入書店。
金妮,別管他。
德拉科,看，波特。
德拉科,你已經有女朋友了。
盧修斯‧馬份,當然，是把它交給你的巫師。
哈利,佛地魔殺了我的父母。
哈利,他不過是個殺人犯。
妙麗,對名字的恐懼只會增加對事物本身的恐懼。
盧修斯‧馬爾福,是的，德拉科告訴了我關於你的一切。
盧修斯·馬爾福,紅頭髮，表情空洞，破舊，二手書。
先生。衛斯理,孩子們，這裡很生氣。
先生。韋斯利,我們出去吧。
盧修斯·馬爾福,好吧，好吧，好吧。衛斯理前輩。
盧修斯·馬爾福,部裡很忙，亞瑟，所有這些額外的襲擊？
盧修斯·馬爾福,我確實希望他們付給你加班費，但從目前的情況來看，我認為不會。
盧修斯‧馬份,如果他們連高薪都不給你，那麼侮辱巫師的名聲又有什麼用呢？
先生。威斯利,對於是什麼讓馬份巫師的名譽蒙羞，我們有著截然不同的看法。
盧修斯‧馬份,我以為你的家庭不會再陷下去了。
德拉科,學校見。
太太。韋斯利,火車隨時都會出發。
先生。衛斯理,佛瑞德、喬治、派西，你們先來。
太太。衛斯理,好的。
先生。衛斯理,在你之後，親愛的。
太太。威斯利,來吧，金妮，我們幫你找個座位。匆忙。
哈利,我們走吧。
火車長,你們兩個認為你們在做什麼？
哈利,手推車失去了控制。
哈利,為什麼我們過不去？
羅恩,我不知道。
羅恩,由於某種原因，網關已經自我封閉。
哈利,火車11:00 準時出發。
哈利,我們錯過了。
哈里,也許我們應該去車旁等。
羅恩,汽車。
哈利,榮恩，我應該告訴你大多數麻瓜不習慣看到飛行汽車。
羅恩,哦，不！隱形助推器肯定有故障。
哈利,那就來吧。我們再往下走吧。
哈利,我們需要找到火車。
哈里,我們所需要做的就是趕上火車。
羅恩,我們不會落後太遠。
哈利,你聽到了嗎？
羅恩,我們一定很接近了。
羅恩,握住我的手！
羅恩,堅持住！
哈利,我正在努力。你的手全是汗。
哈利,我想我們找到火車了。
羅恩,歡迎回家。
榮恩,住手！停止！停止！
哈利,慶幸這不是你的脖子。
哈利,我不知道。
哈利,來吧，走吧！快速地！
羅恩,斑斑，你沒事吧。
哈利,再見，海德薇。
哈利,我們差點被一棵樹撞死…
哈利,顯然今年有人不希望我來這裡。
費爾奇,好吧，仔細看看，小伙子們。
費爾奇,今晚很可能是你在這座城堡度過的最後一晚。
石內卜,至少有七個麻瓜看到了你。
石內卜,你知道事情有多嚴重嗎？
石內卜,你冒著揭露我們世界的風險。
石內卜,更不用說你對打人柳造成的傷害了。
羅恩,老實說，石內卜教授，我認為這對我們造成了更大的傷害。
石內卜,我向你保證，如果你是史萊哲林的，你的命運就掌握在我手中…
石內卜,今晚你們兩個都會坐火車回家。
鄧不利多,他們不是。
石內卜,校長，這些男孩藐視了《限制未成年人巫術法令》。
鄧不利多,我很清楚我們的章程，其中有不少是我自己寫的。
鄧不利多,然而，身為葛萊分多學院的院長，麥教授應該決定適當的行動。
羅恩,那我們就去拿東西吧。
麥格納,衛斯理先生，你在說什麼？
羅恩,你要驅逐我們，是嗎？
麥格納,今天不行，衛斯理先生，但我必須讓你們兩個記住你們所做的事是嚴肅的。
麥格納,今晚我將寫信給你們的家人，你們都將被拘留。
妙麗,這也很危險。
妙麗,曼德拉草的叫聲對任何聽到它的人來說都是致命的。
史普勞特教授,我們的曼德拉草還只是幼苗，它們的叫聲還不會殺死你。
史普勞特教授,但是它們可能會讓你昏迷幾個小時，這就是為什麼我給你戴上耳罩來保護聽力。
斯普勞特教授,那麼您能馬上戴上它們嗎？迅速地。
史普勞特教授,緊緊放下襟翼，仔細地看著我。
史普勞特教授,你把它從鍋子裡猛地拉出來。
西莫斯,不，女士，他只是暈倒了。
史普勞特教授,是的，好吧，把他留在那裡吧。
史普勞特教授,好的，我們走吧。
珀西,你好，尼古拉斯爵士。
哈利,你注定失敗。
科林,嗨，哈利。
哈里,嗨，科林。很高興見到你。
迪恩,榮恩，那是你的貓頭鷹嗎？
榮恩,該死的鳥是個威脅。
西莫斯,大家注意了。
內維爾,有一次我忽略了奶奶的一封信。
內維爾,太可怕了。
太太。威斯利,還有，金妮，親愛的，恭喜你成為葛萊分多。
太太。韋斯利,你父親和我都感到非常自豪。
吉德羅洛克哈特,讓我向您介紹您的新黑魔法防禦術老師。
吉德羅洛克哈特,但我不談論這個。
吉德羅洛克哈特,我並沒有透過對班登女妖微笑來擺脫她！
吉德羅洛克哈特,現在，請注意。
吉德羅‧洛克哈特,我的工作是武裝你對抗巫師界已知的最邪惡的生物。
吉德羅洛克哈特,你們可能會發現自己在這個房間裡面臨最可怕的恐懼。
吉德羅洛克哈特,我只知道，當我在這裡的時候，你不會受到任何傷害。
吉德羅洛克哈特,我必須請你不要尖叫。
吉德羅洛克哈特,這可能會激怒他們。
吉德羅洛克哈特,剛捕獲的康沃爾小精靈。
吉德羅洛克哈特,芬尼根先生，你想笑就笑吧，但小精靈可能是極度狡猾的小搗蛋鬼。
吉德羅洛克哈特,來吧，把他們圍起來，把他們圍起來！
內維爾,求你了，放我下來吧！
哈利,停下。靜止不動！
吉德羅洛克哈特,我會要求你們三個把剩下的人趕回籠子裡。
羅恩,我們現在做什麼？
妙麗,一動也不動！
內維爾,為什麼總是我？
伍德,我們要更早、更努力、更長時間地訓練。
伍德,什麼…？我不相信。
伍德,弗林特，你認為你要去哪裡？
伍德,我今天為葛萊分多預訂了球場。
羅恩,我聞到了麻煩的味道。
德拉科,是的。
德拉科,這還不是今年的全部新鮮事。
羅恩,你是怎麼得到這些的？
德拉科,你看，衛斯理，與其他人不同，我父親買得起最好的。
妙麗,至少葛萊分多隊裡沒有人需要花錢才能進來。
妙麗,他們純粹是靠才華進入的。
德拉科,沒有人問過你的意見，你這個骯髒的小泥巴種。
羅恩,你會為此付出代價的，馬份。
妙麗,你還好嗎，榮恩？
哈利,不，柯林，讓開。
哈利,我們帶他去海格家吧。
哈利,他會知道該怎麼做。
海格,這需要專家的設備。
海格,恐怕沒什麼好做的，只能等它停下來。
海格,外面比裡面好。
海格,榮恩到底想罵誰？
哈利,嗯，我不知道這到底是什麼意思。
妙麗,他叫我泥巴種。
海格,他沒有。
哈利,什麼是泥巴種？
妙麗,“它的意思是‘‘骯髒的血’。”
妙麗,泥巴種對於麻瓜出身的人來說是個骯髒的名字。
妙麗,像我這樣的人。
妙麗,這不是一個人們在文明對話中通常會聽到的術語。
海格,你看，問題是，哈利，有一些巫師，像是馬份家族……他們認為自己比其他人優秀，因為他們是純血統。
哈利,那太可怕了。
羅恩,真噁心。
海格,而且這真是太糟糕了。
海格,哎呀，今天活著的巫師沒有一個不是混血或更少血統的。
海格,更重要的是，他們還沒有想到我們的妙麗不會的咒語。
海格,過來。
海格,你別想一想，妙麗。
海格,你先別想一分鐘。
吉德羅洛克哈特,你能想像出比幫我回覆粉絲郵件更好的拘留方式嗎？
哈利,不完全是。
吉德羅洛克哈特,名譽是個善變的朋友，哈利。
吉德羅洛克哈特,名人就是名人。
吉德羅洛克哈特,記住這一點。
聲音,到我這裡來。
哈利,什麼？
哈利,那個聲音。
哈利,你沒聽到嗎？
吉德羅洛克哈特,你在說什麼，哈利？
吉德羅洛克哈特,我覺得你有點昏昏欲睡了。
吉德羅洛克哈特,還有偉大的史考特，這並不奇怪。
吉德羅洛克哈特,看看時間。
吉德羅洛克哈特,我們在這裡已經快四個小時了。
聲音,我聞到了血腥味。
聲音,讓我殺了你。
哈利,你聽到了嗎？
羅恩,聽到什麼？
哈利,那個聲音。
哈利,我是在洛哈特的辦公室第一次聽到的。
哈利,然後再說一次…
聲音,時間到了。
哈利,它在動。
哈利,我想這會殺人的。
妙麗,哈利，等等！沒那麼快！
哈利,奇怪。
哈利,我從來沒看過蜘蛛有這樣的行為。
羅恩,我不喜歡蜘蛛。
羅恩,那是什麼？
妙麗,「密室已經打開。
妙麗,繼承人的敵人，要小心。
妙麗,這是用血寫成的。
哈利,哦，不。
哈利,這是費爾奇的貓。
哈利,我是諾里斯太太。
德拉科,繼承人的敵人，小心。
德拉科,下一個就是你了，泥巴種。
費爾奇,這是怎麼回事？
費爾奇,你殺了我的貓。
哈利,不。不。
費爾奇,我要殺了你！
鄧不利多,大家立刻回宿舍。
鄧不利多,除了你們三個之外的所有人。
鄧不利多,她沒有死，阿古斯。
鄧不利多,她已經石化了。
吉德羅洛克哈特,真不幸我不在場。
吉德羅洛克哈特,我清楚知道可以使她倖免的反咒。
鄧不利多,但是我不能說她是如何被石化的。
費爾奇,問他吧。
費爾奇,是他幹的。
費爾奇,你看到他在牆上寫的東西了。
哈利,這不是真的，先生。我發誓。
哈利,我從來沒有碰過諾里斯太太。
石內卜,可以嗎，校長？
石內卜,也許波特和他的朋友們只是在錯誤的時間出現在了錯誤的地點。
石內卜,然而情況很可疑。
石內卜,就我而言，我不記得在晚餐時見過波特。
吉德羅洛克哈特,恐怕那是我幹的，西弗勒斯。
吉德羅·洛克哈特,你看，哈利正在幫我回覆粉絲來信。
妙麗,這就是我和榮恩去找他的原因，教授。
妙麗,我們剛找到他，他就說…
石內卜,是嗎，格蘭傑小姐？
哈利,當我說我不餓的時候。
哈利,當我們找到諾里斯太太時，我們正在返回公共休息室。
鄧不利多,在被證明有罪之前是無辜的，西弗勒斯。
費爾奇,我的貓被石化了。
鄧不利多,我們一定能治癒她，阿古斯。
鄧不利多,據我了解，斯普勞特女士的曼德拉草生長得非常健康。
鄧不利多,成熟後，將製成一種藥劑，可以使諾里斯夫人復活。
鄧不利多,同時，我強烈建議所有人保持謹慎。
妙麗,有點奇怪，不是嗎？
哈利,奇怪嗎？
妙麗,你聽到這個聲音，只有你聽得到的聲音…
哈利,你認為我該告訴他們嗎？
哈利,我是說鄧不利多和其他人？
榮恩,你生氣了嗎？
妙麗,不，哈利。即使在魔法世界，聽到聲音也不是一個好兆頭。
麥格納,請注意一下好嗎？
麥格納,對。現在，今天，我們將把動物變成水杯。
麥格納,就像這樣。
麥格納,一、二、三。維拉·維托.
麥格納,現在輪到你了。
麥格納,誰想先走？
麥格納,啊，衛斯理先生。
麥格納,一、二、三。維拉·維托.
麥格納,那根魔杖需要更換了，衛斯理先生。
麥格納,是嗎，格蘭傑小姐？
妙麗,教授我想知道你能否告訴我們有關密室的事。
麥格納,很好。
麥格納,當然，你們都知道霍格華茲是一千多年前由當時最偉大的四位男女巫師創立的：
麥格納,現在，三位創辦人相處得相當融洽。
麥格納,一個沒有。
羅恩,三猜是誰。
麥格納加爾,薩拉查·史萊哲林希望對霍格華茲錄取的學生更加挑剔。
麥格納,他認為魔法學習應該保留在全魔法家庭。
麥格納,換句話說，純血統。
麥格納,無法影響其他人，他決定離開學校。
麥格納,現在，根據傳說，史萊哲林在這座城堡裡建造了一個隱藏的房間，稱為密室。
麥格納,不過，在離開前不久，他將其密封起來，直到他自己真正的繼承人回到學校為止。
麥格納,只有繼承人才能打開密室並釋放裡面的恐怖，並藉此清除學校中所有在史萊哲林看來不值得學習魔法的人。
麥格納,嗯，當然，學校已經被搜查過很多次了。
麥格納格爾,尚未發現這樣的房間。
麥格納,據說密室裡藏著一些只有史萊哲林的繼承人才能控制的東西。
麥格納,據說那裡是怪物的家。
羅恩,你認為這是真的嗎？
妙麗,是的。你不知道嗎？
妙麗,所有的老師都是。
哈利,如果真的有一個密室，而且它已經被打開，那就意味著…
妙麗,史萊哲林的繼承人回到了霍格華茲。
妙麗,問題是，他是誰？
羅恩,我們認識誰認為麻瓜出身的人都是敗類？
妙麗,如果你說的是馬份…
羅恩,當然。你聽到他的聲音了。
羅恩,下一個就是你了，泥巴種。
妙麗,我聽到了。
妙麗,但是馬份，史萊哲林的繼承人呢？
哈利,也許榮恩是對的，妙麗。
哈利,我是說，看看他的家人。
哈利,他們所有人都在史萊哲林待了幾個世紀了。
羅恩,克拉布和高爾一定知道。
羅恩,也許我們可以欺騙他們說出來。
妙麗,即使它們也沒有那麼厚。
妙麗,但是也許還有別的辦法。
妙麗,請注意，這會很困難。
妙麗,更不用說我們會違反大約50條校規…
妙麗,非常危險。
妙麗,就是這裡。
妙麗,如果調製得當，複方湯劑可以讓飲用者暫時將自己變成另一個人的身體形態。
榮恩,你的意思是如果哈利和我喝了那些東西，我們就會變成克拉布和高爾？
妙麗,沒錯。
妙麗,但這很棘手。
妙麗,我從來沒有看過更複雜的魔藥。
哈里,製作需要多長時間？
妙麗,一個月。
哈利,一個月？
哈利,如果馬份是史萊哲林的繼承人，到那時他就可以攻擊學校裡一半的麻瓜出身者。
妙麗,我知道。
妙麗,但這是我們唯一的計劃。
史萊哲林,是啊！是的！
德拉科,好吧，疤頭？
伍德,小心點，哈利！
哈利,伍德，小心！
海格,那已經被竄改了，確實如此。
羅恩,我會阻止它。
妙麗,不！即使有合適的魔杖，這也太冒險了。
妙麗,你可以打哈利。
德拉科,你永遠抓不到我，波特。
妙麗,我們走吧。
哈利,謝謝你。
哈利,不。我想我的手臂斷了。
吉德羅洛克哈特,別擔心，哈利。
吉德羅洛克哈特,我會立刻修復你的手臂。
哈利,不，不是你。
吉德羅洛克哈特,男孩不知道自己在說什麼。
吉德羅洛克哈特,這不會有一點傷害。
吉德羅·洛克哈特,是的，好吧，有時會發生這種情況，但關鍵是你不再感到任何疼痛，而且很明顯，骨頭沒有骨折。
吉德羅·洛克哈特,不過，要靈活得多。
龐弗雷夫人,我可以瞬間修復骨頭，但可以讓它們長回來…
妙麗,你一定能做到的，不是嗎？
龐弗雷女士,我一定能做到。
龐弗雷女士,但這會很痛。
龐弗雷夫人,你將經歷一個艱難的夜晚，波特。
龐弗雷女士,骨骼再生是一件令人討厭的事。
多比,哈利波特錯過火車時應該回家的。
哈利,是你。
哈利,你阻止了榮恩和我通過的屏障。
多比,確實如此。是的先生。
哈利,你差點讓我和榮恩被開除。
多比,至少你會離開這裡。
哈利,多比，你最好在我的骨頭回來之前離開，否則我可能會勒死你。
多比,多比已經習慣了死亡威脅，先生。
多比,多比每天在家拿五次。
哈利,我想你不能告訴我你為什麼要殺我？
多比,不殺你，先生。
多比,永遠不會殺你。
多比,多比還記得哈利波特戰勝「連名字都不能提的人」之前的情景。
多比,我們家養小精靈被當作害蟲對待，先生。
多比,當然，多比仍然被當作害蟲。
哈利,為什麼穿那個東西，多比？
多比,這個，先生？這是家養小精靈被奴役的象徵。
多比,只有多比的主人給了他衣服，多比才能獲得自由。
多比,霍格華茲即將發生可怕的事。
多比,哈利波特不能留在這裡……既然歷史要重演了。
哈利,重複一遍？你的意思是這種事以前發生過？
哈利,住手！
哈利,別這樣，多比！
哈利,告訴我多比這是什麼時候發生的？
哈利,現在誰在做這事？
哈利,不，多比。告訴我。
哈利,是誰？
鄧不利多,又發生了一次攻擊。
麥格納,我想他已經石化了，龐弗雷女士。
麥格納,這是什麼意思，阿不思？
鄧不利多,這意味著我們的學生處於極大的危險之中。
麥格納,我該告訴工作人員什麼？
鄧不利多,告訴他們霍格華茲不再安全。
鄧不利多,正如我們所擔心的那樣，米勒娃
鄧不利多,密室確實又被打開了。
妙麗,又來了？你是說密室以前被打開過？
羅恩,當然。
羅恩,你沒看到嗎？
羅恩,盧修斯·馬爾福一定是在他在這裡上學的時候打開過它的。
羅恩,現在他已經教德拉科怎麼做了。
妙麗,我們得等複方湯劑才能確定。
羅恩,啟發我。為什麼我們要在光天化日之下在女廁中間釀造這種藥水？
羅恩,你不認為我們會被抓住嗎？
哭泣的桃金孃,我沒想到你會認識我。
妙麗,她有點敏感。
吉德羅洛克哈特,每個人都能看到我嗎？
吉德羅洛克哈特,你們都能聽到我說話嗎？
吉德羅洛克哈特,鑑於最近幾週發生的黑暗事件，鄧不利多教授允許我成立這個決鬥俱樂部來訓練你們所有人。
吉德羅洛克哈特,如果你需要像我自己在無數場合所做的那樣保護自己。
吉德羅洛克哈特,讓我介紹一下我的助理石內卜教授。
吉德羅‧洛克哈特,我不想讓你們這些年輕人擔心。
吉德羅洛克哈特,當我和你的魔藥老師說完之後，你還是會擁有他。從不畏懼。
石內卜,除你武器！
妙麗,你覺得他還好嗎？
羅恩,誰在乎呢？
吉德羅·洛克哈特,但是如果你不介意我說的話，你要做的事情是顯而易見的。
吉德羅洛克哈特,如果我想阻止你，那就太容易了。
石內卜,教授，也許首先教學生如何阻擋不友善的咒語是明智的。
吉德羅‧洛克哈特,我們來一對志工吧。
石內卜,衛斯理的魔杖用最簡單的咒語就能造成毀滅。
石內卜,我們會用火柴盒把波特送到醫院那邊。
石內卜,我可以推薦我家裡的一個人嗎？
哈利,謝謝你，先生。
吉德羅洛克哈特,魔杖準備好了。
德拉科,害怕嗎，波特？
哈利,你願意。
吉德羅洛克哈特,數到三後，施展你的咒語解除對手的武裝。只能解除武裝。
吉德羅洛克哈特,我們不希望這裡發生任何事故。
吉德羅·洛克哈特,我說的是只解除武裝。
德拉科,蛇類！
石內卜,別動，波特。
石內卜,我會幫你把它處理掉的。
吉德羅‧洛克哈特,請允許我，石內卜教授。
羅恩,你為什麼不告訴我們？
哈利,我是什麼？
妙麗,你可以和蛇說話。
哈利,我知道。有一次我在動物園不小心讓一條蟒蛇咬了我表哥達德利。
哈利,一次。但那又怎樣呢？
哈利,我敢打賭這裡很多人都能做到。
妙麗,不，他們不能。
妙麗,這不是一個很普通的禮物，哈利。
妙麗,這很糟糕。
哈利,有什麼不好的嗎？如果我沒有告訴那條蛇不要攻擊賈斯汀…
羅恩,這就是你對它說的話。
哈利,你當時也在場。你聽到了。
榮恩,我聽到你說蛇佬腔。
哈利,我說的是另一種語言？
哈利,但我沒有意識到…
哈利,我怎麼能在不知道自己能說的情況下說一種語言呢？
妙麗,我不知道，但聽起來你像是在慫恿蛇什麼的。
妙麗,哈利，聽我說。
妙麗,史萊哲林學院的象徵是一條蛇，這是有原因的。
妙麗,他也能和蛇說話。
羅恩,沒錯。
哈利,但我不是。
哈利,我不能。
妙麗,他生活在一千年前。
妙麗,據我們所知，你有可能。
哈利,我們公共休息室見。
聲音,我想要血。
聲音,他們都必須死。
費爾奇,這次我會帶你出去的，波特。
費爾奇,記住我的話。
哈利,不。費爾奇先生！你不明白...
哈利,教授，我發誓我沒有。
麥格納,這不是我能控制的，波特。
麥格納,鄧不利多教授會等你。
哈利,我……我……我只是想知道你是否把我安置在正確的房子裡。
哈利,你錯了。
哈利,你的鳥……我無能為力。
哈利,他剛剛著火了。
鄧不利多,時間也到了。
鄧不利多,這幾天他看起來一直很可怕。
鄧不利多,遺憾的是你必須在烈日下見到他。
鄧不利多,當他們死去的時候，他們就會燃燒起來…
鄧不利多,迷人的生物，鳳凰。
鄧不利多,它們可以承載極度沉重的負載。
鄧不利多,他們的眼淚有治癒的力量。
海格,鄧不利多教授，先生，那不是哈利。
海格,我準備在魔法部面前發誓。
鄧不利多,我不相信哈利攻擊過任何人。
海格,你當然不知道。
海格,那我就在外面等。
鄧不利多,是的。
哈利,你認為那不是我，教授？
鄧不利多,不，哈利。我不認為是你。
鄧不利多,但是我必須問你有什麼事情想告訴我嗎？
哈利,不，先生。沒有什麼
鄧不利多,那麼，很好。
鄧不利多,走吧。
妙麗,一切都準備好了。
妙麗,我們只需要知道你要變成什麼樣子。
妙麗,我們還需要確保真正的克拉布和高爾在我們審問馬份的時候不會突然闖入。
妙麗,我已經把一切都解決了。
妙麗,我在裡面裝了一杯簡單的安眠藥。
妙麗,簡單，但有力。
妙麗,現在，等他們睡著了，就把他們藏進掃帚櫃裡，拔出一些頭髮，穿上製服。
榮恩,那你要扯誰的頭髮？
妙麗,我已經拿到了。
妙麗,這是我從她的長袍上取下來的。
妙麗,我要去檢查複方湯劑。
妙麗,確保克拉布和高爾找到這些。
哈利,榮恩，也許我應該這麼做。
榮恩,你能變得多厚？
哈利,來吧，我們去抓他們。
妙麗,我們只有一小時的時間才能變回原來的樣子。
羅恩,我想我要生病了。
妙麗,我也是。
哈利,我們聽起來還是像我們自己。
哈利,你需要聽起來更像克拉布。
哈里,太好了。
榮恩,但是妙麗在哪裡？
妙麗,我……我想我不會去。
妙麗,沒有我，你繼續走下去。
哈利,妙麗，你還好嗎？
妙麗,走吧。你在浪費時間。
哈利,來吧。
哈利,我想史萊哲林公共休息室就在這邊。
珀西,對不起。
羅恩,我是說，你在這裡做什麼？
珀西,我碰巧是一名級長。
珀西,另一方面，你沒有理由在晚上在走廊上閒逛。
珀西,你叫什麼名字？
德拉科,克拉布、高爾，你們去哪了？
德拉科,一直在大廳大吃大喝？
德拉科,你為什麼戴眼鏡？
德拉科,我不知道你會讀書。
德拉科,那你在這裡做什麼呢，衛斯理？
波西,注意你的態度，馬份。
德拉科,好吧，坐下吧。
德拉科,從他們的行為方式來看，你永遠不會知道衛斯理一家是純血統。
德拉科,他們讓魔法世界蒙羞。他們全部。
德拉科,你怎麼了，克拉布？
德拉科,我很驚訝《預言家日報》沒有對所有這些攻擊事件進行報導。
德拉科,我想鄧不利多正試圖掩蓋這一切。
德拉科,父親總是說鄧不利多是這個地方發生過的最糟糕的事。
哈利,你錯了！
德拉科,你認為這裡有人比鄧不利多更糟嗎？
德拉科,嗯？你？
德拉科,很好，高爾。
德拉科,你說得完全正確。
德拉科,人們真的認為他是史萊哲林的繼承人？
哈利,但是你一定知道這一切的幕後黑手是誰。
德拉科,你知道我不知道，高爾。
德拉科,我昨天就告訴你了。
德拉科,我要告訴你多少次？
德拉科,這是你的嗎？
德拉科,但是我父親確實這麼說過：
德拉科,會議廳開業已有 50 年了。
德拉科,他不肯告訴我是誰打開的。
德拉科,只是他們被開除了。
德拉科,上次密室打開時，有個泥巴種死了。
德拉科,所以這次他們中的一個被殺只是時間問題。
德拉科,至於我，我希望是格蘭傑。
德拉科,你們兩個怎麼了？
德拉科,你的行為很奇怪。
哈利,是他胃痛。
哈利,冷靜點。
德拉科,嘿！你要去哪裡？
羅恩,很接近了。
哈利,我們有很多事情要告訴你。
妙麗,走開。
哈利,你還好嗎？
妙麗,你還記得我告訴過你，複方湯劑只能用於人類變形嗎？
妙麗,我從米利森特·布爾斯特羅德的長袍上拔下的是貓毛。
妙麗,看看我的臉。
羅恩,看看你的尾巴。
哈利,幾天後當她停止咳出毛球時，她就應該出院了。
哈利,這是什麼？
榮恩,哎呀！
哈利,看來哭泣的桃金孃淹沒了浴室。
哈利,我為什麼要丟東西給你？
羅恩,但是如果有人丟東西給你也沒什麼不好。
羅恩,我的意思是，它會直接穿過你。
哈利,但是到底是誰把它丟給你的呢？
哭泣的桃金孃,我坐在U型彎裡，想著死亡，它從我的頭頂掉了下來。
哈利,我的名字是哈利波特。
哈利,你知道關於密室的任何事嗎？
哈利,你能告訴我嗎？
哈利,對不起。
哈利,你能告訴我這裡發生了什麼事嗎？
哈利,你好，你聽得到我說話嗎？
鄧不利多,湯姆，這麼晚了還在閒晃是不明智的。
湯姆·瑞鬥,我必須親眼看看謠言是否屬實。
鄧不利多,恐怕是的，湯姆。
鄧不利多,他們是真的。
湯姆·里德爾,還有學校的情況嗎？
湯姆·里德爾,他們不會真的關閉霍格華茨，是嗎，教授？
鄧不利多,我明白，湯姆，但恐怕迪佩特校長可能別無選擇。
湯姆·里德爾,先生，如果這一切都停止了，如果肇事者被抓住了…
鄧不利多,你有什麼想告訴我的嗎？
鄧不利多,那麼，很好。就行了。
海格,我們帶你離開那裡。
湯姆·瑞鬥,我不認為你是故意殺人的…
湯姆·里德爾,死去女孩的父母明天會來。
湯姆·里德爾,霍格華茲至少能做的就是確保殺死他們女兒的兇手被屠殺。
海格,不是他。
湯姆·瑞鬥,怪物不是好寵物，海格。
湯姆·里德爾,他們會用你的魔杖來做這件事，海格。
哈利,是海格。
哈利,海格五十年前打開了密室。
妙麗,不可能是海格。
妙麗,這不可能。
羅恩,他聽起來像個骯髒、腐爛的告密者。
哈利,那個怪物殺了人，榮恩。
哈利,如果我們中的任何一個人會怎麼做呢？
妙麗,看，海格是我們的朋友。
妙麗,我們為什麼不去問他呢？
羅恩,那將是一次愉快的訪問。
羅恩,「你好，海格。
海格,又瘋又毛？現在你不會談論我了，是嗎？
哈利,海格，你拿的是什麼？
海格,對於曼德拉草，你知道。
海格,現在，根據史普勞特教授的說法，他們還有一些成長的路要走。
海格,但是一旦他們的痘痘消失了，我們就把他們切碎然後燉煮。然後我們會把那些人送到醫院，讓他們不被嚇呆。
海格,不過，同時，你們三個最好照顧好自己。
海格,好吧？
海格,你好，納威。
內維爾,哈利，我不知道是誰幹的，但你最好來。
內維爾,來吧！
妙麗,一定是葛萊芬多。
妙麗,沒有人知道我們的密碼。
妙麗,除非不是學生。
羅恩,不管是誰，他們一定是在尋找什麼。
哈利,他們找到了。
哈利,湯姆·瑞鬥的日記不見了。
伍德,好吧，聽著。
伍德,我們玩我們的遊戲，赫夫帕夫沒有機會。
弗雷德,更不用說他們非常害怕如果他們飛到哈利附近任何地方就會石化他們。
伍德,嗯，那也是。
伍德,我們不能取消魁地奇比賽。
麥格納,安靜，木頭。您和您的隊友將前往葛萊分多塔樓。現在。
麥格納,波特，你和我會找到衛斯理先生。
麥格納,有些東西你們兩個都必須看到。
麥格納,我警告你。
麥格納,這可能有點令人震驚。
麥格納,她和這個一起在圖書館附近被發現。
麥格納,這對你們兩個來說有什麼意義嗎？
哈利,不。
麥格納,請注意一下好嗎？
MCGONAGALL；由於最近發生的事件，這些新規則將立即生效,
麥格納加爾,「所有學生每天晚上 6:00 之前返回宿舍公共休息室。
麥格納加爾,所有學生每堂課都會由一位老師陪同。
麥格納格爾,沒有例外。
麥格納格爾,我應該告訴你：
麥格納加爾,除非這些攻擊背後的罪魁禍首被抓獲，否則學校很可能會被關閉。
哈利,我們得和海格談談，榮恩。
哈利,我不敢相信是他，但如果他上次真的放出了怪物，他就會知道如何進入密室。這是一個開始。
羅恩,但是你聽到了麥格的聲音。
羅恩,除了上課，我們不准離開塔樓。
哈利,我想是時候把我爸爸的舊斗篷重新拿出來了。
海格,誰在那裡？
海格,餵？你好？
哈利,那是做什麼用的？
海格,我剛泡了一壺茶。
哈利,海格，你還好嗎？
哈利,你聽過妙麗嗎？
哈利,聽著，我們得問你一件事。
哈利,你知道是誰打開密室了嗎？
海格,你必須明白的是…
海格,快，到斗篷底下去。
海格,安靜點，你們兩個。
鄧不利多,我想知道，我們可以…嗎？
海格,當然。進來吧進來吧
榮恩,那是爸爸的老闆。
福奇,三起對麻瓜出身者的攻擊。
福奇,事情已經發展得夠多了。
福奇,該部必須採取行動。
海格,但我從來沒有…
海格,你知道我從來沒有，教授。
鄧不利多,科尼利厄斯，我希望大家明白，我對海格充滿信心。
福奇,我必須帶他走。
海格,帶我去嗎？帶我去哪裡？
海格,不是阿茲卡班監獄。
福奇,恐怕我們別無選擇，海格。
盧修斯‧馬份,已經在這裡了嗎，福吉？
海格,你在這裡做什麼？
海格,滾出我的房子！
盧修斯‧馬爾福,你管這叫房子？
盧修斯‧馬爾福,我只是給學校打了個電話，就被告知校長來了。
鄧不利多,那麼，你到底想對我做什麼？
盧修斯·馬爾福,其他州長和我已經決定是時候讓你下台了。
盧修斯·馬爾福,這是暫停令。
盧修斯馬爾福,你會在上面找到全部 12 個簽名。
盧修斯‧馬份,嗯，什麼，有了這些攻擊，霍格華茲將不再有麻瓜出身的人了。
盧修斯·馬份,我只能想像這對學校來說將是多麼可怕的損失。
海格,你不能把鄧不利多教授帶走。
海格,把他帶走，麻瓜出身的人就沒有機會了。
海格,記住我的話，接下來就會有殺戮！
鄧不利多,冷靜點，海格。
鄧不利多,如果州長們希望我免職，我當然會退位。
鄧不利多,然而，你會發現霍格華茲總是會向那些提出請求的人提供幫助。
海格,嗯？如果...
海格,如果有人在尋找什麼東西，那麼他們所要做的就是跟著蜘蛛走。
海格,我要說的就是這些。
海格,我不在的時候需要有人餵芳。
榮恩,鄧不利多走了之後，有一天就會發生攻擊事件。
哈利,來吧。
哈利,來吧，方。
哈利,來吧。
哈利,你聽到海格說的話了。
哈利,跟著蜘蛛走。
羅恩,他們正前往黑暗森林。
羅恩,我們現在可以回去了嗎？
哈利,來吧。
哈利,別驚慌。
哈利,我們是海格的朋友。
哈利,那你呢？
哈利,你是阿拉戈克，不是嗎？
阿拉戈克,是的。
阿拉戈克,海格以前從未派人進入過我們的山谷。
哈利,他有麻煩了。學校裡發生了攻擊事件。
哈利,他們認為是海格。
哈利,他們認為他打開了密室。像以前一樣。
阿拉戈克,那是謊言。
哈利,那你不是怪物？
阿拉戈克,我是從一個遙遠的地方，裝在一個旅行者的口袋裡來到海格身邊的。
哈利,但是如果你不是怪物，那麼50年前是什麼殺死了那個女孩呢？
哈利,但是你看到了嗎？
阿拉戈克,除了海格把我關在裡面的盒子之外，我從來沒有看過城堡的任何部分。
阿拉戈克,那個女孩是在浴室裡被發現的。
哈利,什麼？
哈利,嗯，謝謝你。
哈利,我們就走吧。
阿拉戈克,我想不是。
阿拉戈克,我的兒子和女兒們不會照我的命令傷害海格。
羅恩,我們現在可以驚慌嗎？
羅恩,知道什麼咒語嗎？
哈利,一個，但對他們所有人來說還不夠強大。
榮恩,你需要妙麗的時候她在哪裡？
哈利,我們走吧！
哈利,走吧！
羅恩,謝謝你。
哈利,別提了。
哈利,帶我們離開這裡。
哈利,現在！
哈利,來吧！
哈利,快點，走快點！
哈利,來吧！去！
哈利,讓我們飛到空中。
哈利,來吧！拉！
羅恩,我正在努力！
榮恩,跟著蜘蛛走！
榮恩,跟著蜘蛛走。
羅恩,如果海格逃出阿茲卡班，我就會殺了他。
羅恩,我的意思是，派我們去那裡有什麼意義？
羅恩,我們發現了什麼？
哈利,我們知道一件事。
哈利,海格從未打開過密室。
哈利,他是無辜的。
哈利,真希望你在這兒，妙麗。
哈利,我們需要你。
哈利,現在比以往任何時候都更是如此。
羅恩,那是什麼？
哈利,這就是妙麗被攻擊那天在圖書館的原因。
哈利,來吧。
哈利,「在我們的土地上漫遊的許多可怕的野獸中，沒有比蛇怪更致命的了。
哈利,能夠活數百年，任何見到這條巨蛇眼睛的人都會立刻死亡。
哈利,蜘蛛在它面前逃跑。
哈利,榮恩，就是這個了。
哈利,密室裡的怪物是蛇怪。
哈利,這就是為什麼我能聽到它說話。
哈利,這是一條蛇。
羅恩,但是如果它透過直視別人的眼睛而殺人，那為什麼沒有人死呢？
哈利,因為沒有人直視它的眼睛。
哈利,至少不是直接的。
哈利,科林透過他的相機看到了這一點。
哈利,尼克完全沉浸在其中。
哈利,但他是個鬼魂，他不能再死了。
哈利,妙麗有鏡子。
哈利,我敢打賭，她是用它來四處張望，以防它出現。
榮恩,我很確定她沒有相機或鏡子，哈利。
哈利,水。
哈利,那天晚上地板上有水。
哈利,她只看到了蛇怪的倒影。
哈利,蜘蛛在它面前逃跑。
哈利,一切都合適。
榮恩,蛇怪走得怎麼樣？
榮恩,一條又髒又大的蛇。
羅恩,有人會看到的。
哈利,妙麗也回答了這個問題。
哈利,她死在浴室裡了？
哈利,如果她從未離開過怎麼辦？
麥格納加爾,所有學生必須立即返回各自的宿舍。
麥格納,所有老師立即到二樓走廊。
麥格納,正如你所看到的，史萊哲林的繼承人又留下了訊息。
麥教授,我們最擔心的事情已經成為現實。
麥格納,一名學生被怪物帶進了密室。
麥格納加爾,學生必須被送回家。
麥格納,恐怕這就是霍格華茲的終結。
吉德羅洛克哈特,非常抱歉。打瞌睡。
吉德羅洛克哈特,我錯過了什麼？
石內卜,一個女孩被怪物洛哈特搶走了。
石內卜,你的時刻終於到來了。
石內卜,你昨晚不是說你一直都知道密室的入口在哪裡嗎？
麥格納,就這麼定了。
麥格納,我們讓你去對付那個怪物，吉德羅。
麥格納,畢竟，你的技術是傳奇。
吉德羅洛克哈特,很好。
羅恩,她的骸骨將永遠躺在密室裡。
哈利,洛哈特可能沒用，但他會嘗試進入密室。
哈利,至少我們可以告訴他我們所知道的。
哈里,教授，我們有一些資訊給您。
哈利,你要去哪裡嗎？
吉德羅·洛克哈特,嗯，是的。緊急呼叫。不可避免的。
羅恩,我妹妹呢？
吉德羅·洛克哈特,至於這一點，非常不幸。
吉德羅·洛克哈特,沒有人比我更後悔。
羅恩,你現在不能走。
哈利,你要逃跑嗎？
哈利,你在書裡做了那麼多事？
吉德羅洛克哈特,書籍可能會產生誤導。
哈利,是你寫的。
吉德羅‧洛克哈特,我親愛的孩子，運用你的常識。
吉德羅洛克哈特,如果人們不認為我做了這些事情，我的書就不會賣得那麼好。
哈利,你是個騙子。
哈利,你一直把其他巫師所做的事情歸功於你。
羅恩,你有什麼可以做的嗎？
吉德羅洛克哈特,是的，現在你提到了。
吉德羅洛克哈特,我很有記憶咒的天賦。
吉德羅‧洛克哈特,否則的話，那些巫師就會胡言亂語了。
吉德羅洛克哈特,我再也不會賣掉一本書了。
吉德羅洛克哈特,事實上，我也得對你做同樣的事。
哈利,想都別想。
哈利,問你怎麼死的。
哭泣的桃金孃,太可怕了。
哭泣的桃金孃,事情就發生在這個小隔間裡。
哭泣的桃金孃,我躲起來是因為奧利佛霍恩比因為我的眼鏡而取笑我。
哭泣的桃金孃,我在哭，然後我聽到有人進來了。
哈利,是誰，默特爾？
哭泣的桃金孃,我意識到那是個男孩，所以我打開門讓他走開，然後我就死了。
哈利,就這樣？如何？
哭泣的桃金孃,我只記得在水槽旁看到一雙又大又大的黃色眼睛。
哈利,就是這個了。
哈利,就是這個了，榮恩。我想這就是密室的入口。
吉德羅洛克哈特,那麼，我就…
吉德羅洛克哈特,我沒有必要留下來。
哈利,是的，有。
哈利,你先。
吉德羅洛克哈特,現在，孩子們，這有什麼好處呢？
羅恩,你比我們更好。
吉德羅·洛克哈特,但是……顯然，是的。
吉德羅洛克哈特,你確定不想先測試一下嗎？
吉德羅洛克哈特,這裡真的很髒。
哈利,好吧。我們走吧。
哈利,謝謝，默特爾。
哈利,現在，記住：任何移動的跡象，立即閉上眼睛。
哈利,這邊。
羅恩,這是什麼？
吉德羅洛克哈特,它看起來像一條蛇。
哈利,這是一張蛇皮。
羅恩,不管是什麼棚子，這個棚子必須有 60 英尺長。或更多。
吉德羅洛克哈特,冒險到此結束，孩子們。
吉德羅洛克哈特,不過別擔心。
吉德羅洛克哈特,全世界都會知道我們的故事。
吉德羅洛克哈特,我來不及救那個女孩了。
吉德羅洛克哈特,你們兩個在看到她支離破碎的屍體時悲慘地失去了理智。
吉德羅洛克哈特,所以……你先來，波特先生。
榮恩,我很好。
吉德羅洛克哈特,我是誰？
羅恩,他不知道自己是誰。
吉德羅洛克哈特,這是個奇怪的地方，不是嗎？
吉德羅洛克哈特,你住在這裡嗎？
羅恩,我現在該怎麼辦？
哈利,你在這裡等一下，試著移動一些岩石，這樣我們就可以回去了。
哈利,我會繼續去找金妮。
哈利,醒醒，醒醒。
哈利,請醒來。
哈利,她醒不來是什麼意思？
哈利,她不是…？
湯姆·里德爾,她還活著，但僅此而已。
哈利,你是鬼嗎？
哈利,她冷得像冰一樣。
哈利,你必須幫助我，湯姆。
哈利,有一隻蛇怪。
湯姆·里德爾,只有被叫它才會來。
哈利,把我的魔杖給我，湯姆。
哈利,我們得走了。我們必須救她。
湯姆·瑞鬥,你看，隨著可憐的金妮變得越來越虛弱，我也變得越來越堅強。
湯姆·瑞鬥,是的，哈利，是金妮·衛斯理打開了密室。
哈利,不。她不能。她不會。
湯姆·里德爾,金妮把蛇怪放在泥巴種身上，費爾奇的貓金妮在牆上寫下了威脅訊息。
哈利,但是為什麼呢？
湯姆·瑞鬥,因為是我告訴她的。
湯姆·里德爾,你會發現我很有說服力。
湯姆·瑞鬥,並不是說她知道自己在做什麼。
湯姆·瑞鬥,我們可以說，她處於一種恍惚狀態。
湯姆·瑞鬥,儘管如此，日記的力量開始讓她感到害怕。
湯姆·瑞鬥,那麼除了你之外還有誰能找到它呢？
湯姆·瑞鬥,我最渴望見到的人。
哈利,那你為什麼想見我？
湯姆·里德爾,我知道我必須和你談談，如果可以的話，見見你。
哈利,海格是我的朋友。
哈利,你陷害了他，不是嗎？
湯姆·瑞鬥,我的話與海格的不同。
湯姆·瑞鬥,似乎只有鄧不利多認為他是無辜的。
哈利,我敢打賭鄧不利多一眼就看穿了你。
湯姆·里德爾,從那以後，他確實對我進行了令人惱火的密切監視。
湯姆·里德爾,我將能夠帶領另一個人完成薩拉查·史萊哲林的崇高事業。
哈利,好吧，這次你還沒完成。
哈利,幾個小時後，曼德拉草就準備好了。
哈利,每個被石化的人都會好起來的。
湯姆·里德爾,幾個月來，我的新目標一直是你。
湯姆·里德爾,一個沒有非凡魔法天賦的嬰兒如何能夠擊敗有史以來最偉大的巫師？
湯姆·瑞鬥,當佛地魔的力量被摧毀時，你是怎麼逃走的，除了傷疤之外一無所有？
哈利,你為什麼關心我如何逃脫？
哈利,佛地魔追隨你的腳步。
湯姆·瑞鬥,佛地魔是我的過去、現在和未來。
哈利,阿不思‧鄧不利多是世界上最偉大的巫師。
湯姆·瑞鬥,鄧不利多只因為想起我就被趕出了這座城堡。
哈利,他永遠不會消失。
哈利,只要剩下的人忠於他就好。
湯姆·瑞鬥,這就是鄧不利多派給他偉大的捍衛者的。
湯姆·瑞鬥,它只聽我的。
湯姆·里德爾,這個過程即將完成。
湯姆·瑞鬥,幾分鐘後，金妮·衛斯理就會死，而我將不再成為人們的記憶。
湯姆·瑞鬥,佛地魔會回來，而且還活著。
湯姆·里德爾,我猜你的人生只剩下一分鐘多一點了。
湯姆·瑞鬥,你很快就會和你親愛的泥巴種媽媽在一起了，哈利。
金妮,但是我發誓，我不是故意的。
哈利,別擔心。
哈利,金妮，你需要出去。
哈利,沿著密室走你就會找到榮恩。
哈利,福克斯，你太棒了。
哈利,我只是不夠快。
哈利,當然。
哈利,鳳凰淚有治癒的功效。
哈利,謝謝。
哈利,沒關係，金妮。
哈利,結束了。
哈利,這只是一段回憶。
鄧不利多,你們當然都意識到，在過去的幾個小時裡，你們大概已經違反了十幾條校規。
鄧不利多,有足夠的證據可以將你們兩個開除。
鄧不利多,因此，你們兩個獲得學校服務特別獎是再適合不過的了。
羅恩,謝謝，先生。
鄧不利多,現在，衛斯理先生，如果你願意請貓頭鷹的話，請將這些釋放文件送到阿茲卡班。
鄧不利多,我相信我們希望我們的獵場看守回來。
鄧不利多,哈利，首先我要感謝你，哈利。
鄧不利多,你一定在密室裡向我展現了真正的忠誠。
鄧不利多,除了這個，沒有什麼能讓福斯來找你了。
鄧不利多,其次，我感覺到有些事讓你煩惱。
鄧不利多,我說得對嗎，哈利？
哈利,這只是…
哈利,你看，先生，我情不自禁地註意到某些事情，某些…
哈利,湯姆·瑞鬥和我之間有某些相似之處。
鄧不利多,好吧，你會說蛇佬腔，哈利。為什麼？
鄧不利多,因為佛地魔會說蛇佬腔。
鄧不利多,如果我沒記錯的話，哈利，在他給你留下傷疤的那個晚上，他把他的一些力量轉移給了你。
哈利,佛地魔把他的一些力量轉移給了我？
鄧不利多,不是故意的，但是是的。
哈利,所以分院帽是對的。
哈利,我應該在史萊哲林。
鄧不利多,這是真的。你擁有佛地魔本人所珍視的許多特質。
鄧不利多,決心、足智多謀，如果我可以這麼說的話，還有某種對規則的漠視。
鄧不利多,那麼，分院帽為什麼要把你分到葛萊分多呢？
哈利,因為是我要求的。
鄧不利多,沒錯，哈利。確切地。
鄧不利多,我們的能力並不代表我們的真實面。
鄧不利多,這是我們的選擇。
鄧不利多,如果你想證明你為什麼屬於葛萊分多，那我建議你仔細看看這個。
鄧不利多,小心點。
鄧不利多,只有真正的葛萊分多才能把它從帽子裡拿出來。
哈利,所以這是你的主人。
哈利,你服務的家族是馬份家族。
盧修斯·馬爾福,讓開，波特。
盧修斯·馬爾福,確實如此。你回來了。
鄧不利多,當州長們得知亞瑟‧衛斯理的女兒被帶進議事廳時，他們認為有必要將我召回。
鄧不利多,奇怪的是，盧修斯，他們中的幾個人都認為，如果他們一開始不同意讓我停職，你就會詛咒他們的家人。
鄧不利多,請原諒？
盧修斯‧馬份,我唯一關心的始終是這所學校，當然還有它的學生的福祉。
盧修斯·馬爾福,我想罪魁禍首已經被查出來了？
鄧不利多,是的。
鄧不利多,只是這次他選擇透過別人來行事。
鄧不利多,幸運的是，我們年輕的波特先生發現了它。
鄧不利多,人們希望佛地魔的舊學校用品不再落入無辜者手中。
鄧不利多,對責任者來說，後果將是嚴重的。
盧修斯‧馬份,好吧，讓我們希望波特先生永遠在身邊拯救世界。
哈利,別擔心。我會。
哈利,先生？我想知道我是否可以擁有那個？
哈利,我有你的一些東西。
哈利,我想你是這樣的，先生。
哈利,我想你那天在對角巷把日記塞進了金妮‧衛斯理的大鍋裡。
哈利,打開它。
多比,你不可以傷害哈利波特。
盧修斯‧馬份,你的父母也是愛管閒事的傻瓜。
盧修斯·馬份,很快有一天，你也會遇到同樣棘手的結局。
多比,多比怎樣才能報答他呢？
哈利,答應我一件事。
多比,什麼都可以，先生。
哈利,別再試圖救我的命了。
學生,歡迎回來，尼古拉斯爵士。
尼古拉斯爵士,謝謝。
學生,晚上好，尼古拉斯爵士。
學生,很高興見到你，尼可拉斯爵士。
尼古拉斯爵士,謝謝。
妙麗,謝謝，尼可拉斯爵士。
榮恩,歡迎回來，妙麗。
妙麗,很高興回來。
妙麗,恭喜你。
妙麗,我不敢相信你解決了這個問題。
哈利,我們從你那裡得到了很多幫助。
哈利,沒有你我們不可能做到這一點。
妙麗,謝謝。
麥格納,請注意一下好嗎？
鄧不利多,在宴會開始之前，讓我們為斯普勞特教授、龐弗雷夫人鼓掌，他們的曼德拉草汁已經成功地施用於了所有被石化的人。
鄧不利多,此外，鑑於最近發生的事件，學校對待所有考試都已取消。
妙麗,哦，不。
海格,抱歉我遲到了。
海格,那隻給我送去釋放文件的貓頭鷹迷路了，而且很困惑。
海格,一隻名叫埃羅爾的紅鳥。
海格,我只想說，如果沒有你們，哈利、榮恩和妙麗，我當然還是會在你們知道的地方，所以我只想說謝謝。
哈利,沒有你就沒有霍格華茨，海格。
哈利,
哈利,
哈利,
瑪姬阿姨,
瑪姬阿姨,
瑪姬阿姨,
瑪姬阿姨,
哈利,
佛農叔叔,
瑪姬阿姨,
瑪姬阿姨,
瑪姬阿姨,
瑪姬阿姨,
瑪姬阿姨,
瑪姬阿姨,
哈利,
哈利,
瑪姬阿姨,
瑪姬阿姨,
瑪姬阿姨,
哈利,
哈利,
佛農叔叔,
瑪姬阿姨,
瑪姬阿姨,
瑪奇阿姨,
哈利,
哈利,
哈利,
哈利,
哈利,
哈利,
史丹桑帕克,
哈利,
哈利,
史丹桑帕克,
史丹桑帕克,
哈利,
史丹桑帕克,
哈利,
史丹桑帕克,
哈利,
史丹桑帕克,
哈利,
史丹桑派克,
史丹桑帕克,
史丹桑帕克,
史丹桑帕克,
哈利,
史丹桑帕克,
哈利,
湯姆,
湯姆,
福奇,
福奇,
福奇,
福奇,
福奇,
哈利,
哈利,
哈利,
福奇,
哈利,
福奇,
哈利,
哈利,
福奇,
福奇,
福奇,
福奇,
福奇,
榮恩,
妙麗,
妙麗,
榮恩,
羅恩,
妙麗,
羅恩,
喬治,
羅恩,
喬治,
佛瑞德,
喬治,
太太。衛斯理,
哈利,
太太。衛斯理,
哈利,
哈利,
太太。衛斯理,
哈利,
太太。衛斯理,
哈利,
先生。威斯利,
哈利,
妙麗,
先生。韋斯利,
哈利,
先生。衛斯理,
先生。韋斯利,
先生。衛斯理,
哈利,
先生。威斯利,
哈利,
先生。衛斯理,
先生。衛斯理,
先生。衛斯理,
先生。威斯利,
先生。衛斯理,
先生。衛斯理,
先生。衛斯理,
先生。衛斯理,
哈利,
先生。衛斯理,
太太。衛斯理,
哈利,
妙麗,
妙麗,
哈利,
羅恩,
妙麗,
羅恩,
羅恩,
羅恩,
妙麗,
哈利,
妙麗,
哈利,
羅恩,
羅恩,
哈利,
妙麗,
妙麗,
羅恩,
哈利,
妙麗,
妙麗,
哈利,
哈利,
羅恩,
羅恩,
妙麗,
哈利,
路平,
盧平,
哈利,
盧平,
盧平,
盧平,
盧平,
哈利,
羅恩,
羅恩,
羅恩,
羅恩,
哈利,
哈利,
妙麗,
鄧不利多,
鄧不利多,
鄧不利多,
妙麗,
德拉科,
哈利,
妙麗,
鄧不利多,
鄧不利多,
鄧不利多,
鄧不利多,
鄧不利多,
鄧不利多,
鄧不利多,
鄧不利多,
鄧不利多,
鄧不利多,
西莫斯,
西莫斯,
哈利,
哈利,
哈利,
西莫斯,
哈里,
迪恩,
妙麗,
羅恩,
迪恩,
羅恩,
羅恩,
羅恩,
西莫斯,
榮恩,
特里勞尼,
特里勞尼,
崔勞尼,
特里勞尼,
特里勞尼,
特里勞尼,
妙麗,
羅恩,
妙麗,
崔勞尼,
內維爾,
特里勞尼,
崔勞尼,
崔勞尼,
崔勞尼,
榮恩,
榮恩,
羅恩,
羅恩,
羅恩,
妙麗,
妙麗,
妙麗,
羅恩,
羅恩,
妙麗,
妙麗,
海格,
海格,
海格,
海格,
海格,
海格,
德拉科,
海格,
海格,
德拉科,
內維爾,
妙麗,
德拉科,
德拉科,
哈利,
德拉科,
妙麗,
羅恩,
內維爾,
妙麗,
海格,
海格,
海格,
海格,
海格,
海格,
海格,
海格,
海格,
海格,
海格,
海格,
海格,
海格,
海格,
海格,
海格,
海格,
海格,
海格,
海格,
海格,
海格,
海格,
海格,
海格,
海格,
海格,
海格,
海格,
哈利,
哈利,
海格,
海格,
海格,
妙麗,
德拉科,
海格,
海格,
哈利,
德拉科,
海格,
德拉科,
海格,
海格,
德拉科,
海格,
德拉科,
潘西·帕金森,
德拉科,
德拉科,
德拉科,
德拉科,
榮恩,
榮恩,
哈利,
妙麗,
妙麗,
西莫斯,
內維爾,
男孩,
西莫斯,
盧平,
路平,
迪恩,
盧平,
路平,
妙麗,
羅恩,
妙麗,
妙麗,
盧平,
盧平,
盧平,
路平,
盧平,
盧平,
盧平,
盧平；聽著,
德拉科,
盧平,
盧平,
盧平,
路平,
盧平,
盧平,
路平,
路平,
路平,
盧平,
路平,
內維爾,
路平,
盧平,
路平,
盧平,
路平,
路平,
盧平,
盧平,
路平,
路平,
盧平,
盧平,
路平,
路平,
盧平,
盧平,
盧平,
路平,
盧平,
盧平,
盧平,
盧平,
盧平,
盧平,
盧平,
盧平,
路平,
盧平,
路平,
盧平,
盧平,
盧平,
麥格納,
麥格納加爾,
麥格納格爾,
麥格納,
費爾奇,
哈利,
麥格納,
麥格納,
麥格納,
麥格納,
哈利,
哈利,
路平,
盧平,
路平,
哈利,
哈利,
盧平,
盧平,
盧平,
哈利,
哈利,
盧平,
盧平,
哈利,
路平,
路平,
路平,
盧平,
盧平,
盧平,
盧平,
路平,
盧平,
路平,
路平,
盧平,
榮恩,
羅恩,
波西,
珀西,
波西,
珀西,
妙麗,
珀西,
波西,
波西,
派西,
波西,
鄧不利多,
費爾奇,
費爾奇,
珀西,
珀西,
珀西,
鄧不利多,
胖女人,
胖女士,
鄧不利多,
鄧不利多,
費爾奇,
鄧不利多,
老師,
鄧不利多,
石內卜,
石內卜,
鄧不利多,
石內卜,
石內卜,
鄧不利多,
石內卜,
鄧不利多,
鄧不利多,
石內卜,
石內卜,
鄧不利多,
哈利,
哈利,
石內卜,
石內卜,
妙麗,
妙麗,
羅恩,
羅恩,
石內卜,
石內卜,
石內卜,
妙麗,
妙麗,
妙麗,
妙麗,
妙麗,
妙麗,
石內卜,
石內卜,
石內卜,
石內卜,
石內卜,
哈利,
石內卜,
石內卜,
石內卜,
石內卜,
榮恩,
弗雷德,
弗雷德,
喬治,
哈利,
妙麗,
哈利,
喬治,
哈利,
榮恩,
哈利,
妙麗,
妙麗,
妙麗,
羅恩,
榮恩,
盧平,
盧平,
哈利,
哈利,
哈利,
路平,
盧平,
路平,
盧平,
路平,
盧平,
哈利,
盧平,
哈利,
哈利,
哈利,
盧平,
哈利,
路平,
盧平,
盧平,
盧平,
男人,
男人,
哈利,
喬治,
弗雷德,
哈利,
弗雷德,
喬治,
哈利,
喬治,
哈利,
哈利,
喬治,
弗雷德,
喬治,
弗雷德,
喬治,
喬治,
哈利,
喬治,
喬治,
哈利,
哈利,
喬治,
弗雷德,
喬治,
弗雷德,
喬治,
喬治,
喬治,
喬治,
妙麗,
妙麗,
妙麗,
羅恩,
德拉科,
德拉科,
德拉科,
德拉科,
羅恩,
德拉科,
德拉科,
妙麗,
德拉科,
德拉科,
德拉科,
德拉科,
德拉科,
德拉科,
榮恩,
榮恩,
妙麗,
妙麗,
羅恩,
麥格納,
海格,
海格,
福奇,
福奇,
羅斯默塔夫人,
妙麗,
羅斯默塔女士,
麥格納,
羅斯默塔女士,
麥格納,
麥格納,
麥教授,
麥格納,
麥教授,
福奇,
麥格納,
麥格納,
羅斯默塔夫人,
麥格納,
福奇,
麥格納,
福奇,
福奇,
麥格納,
妙麗,
妙麗,
哈利,
哈利,
哈利,
哈利,
哈利,
路平,
盧平,
哈利,
路平,
路平,
盧平,
盧平,
路平,
盧平,
盧平,
盧平,
哈利,
盧平,
盧平,
盧平,
盧平,
盧平,
盧平,
盧平,
盧平,
哈利,
盧平,
路平,
盧平,
盧平,
路平,
哈利,
盧平,
路平,
盧平,
盧平,
盧平,
盧平,
哈利,
盧平,
盧平,
哈利,
哈利,
哈利,
哈利,
盧平,
盧平,
哈利,
盧平,
哈利,
盧平,
路平,
盧平,
盧平,
哈利,
哈利,
哈利,
哈利,
哈利,
哈利,
哈利,
妙麗,
羅恩,
哈利,
哈利,
羅恩,
羅恩,
榮恩,
妙麗,
羅恩,
妙麗,
妙麗,
海格,
海格,
海格,
海格,
海格,
海格,
妙麗,
海格,
羅恩,
海格,
榮恩,
哈利,
羅恩,
麥格納,
麥格納,
福奇,
聲音,
哈利,
石內卜,
哈利,
石內卜,
石內卜,
哈利,
哈利,
石內卜,
石內卜,
石內卜,
哈利,
石內卜,
哈利,
石內卜,
路平,
石內卜,
石內卜,
路平,
石內卜,
石內卜,
石內卜,
石內卜,
路平,
盧平,
LUPIN,
盧平,
盧平,
路平,
路平,
盧平,
路平,
盧平,
哈利,
盧平,
路平,
盧平,
路平,
路平,
哈利,
盧平,
盧平,
盧平,
哈利,
哈利,
哈利,
盧平,
盧平,
哈利,
哈利,
特里勞尼,
妙麗,
崔勞尼,
崔勞尼,
特里勞尼,
榮恩,
羅恩,
哈利,
榮恩,
羅恩,
哈利,
特里勞尼,
特里勞尼,
崔勞尼,
崔勞尼,
哈利,
妙麗,
羅恩,
德拉科,
德拉科,
德拉科,
戈爾,
德拉科,
羅恩,
高爾,
戈爾,
德拉科,
妙麗,
羅恩,
哈利,
海格,
海格,
妙麗,
海格,
海格,
海格,
妙麗,
妙麗,
海格,
鄧不利多,
海格,
海格,
海格,
海格,
哈利,
海格,
鄧不利多,
鄧不利多,
海格,
海格,
鄧不利多,
福奇,
福奇,
鄧不利多,
鄧不利多,
哈利,
妙麗,
羅恩,
哈利,
羅恩,
榮恩,
榮恩,
妙麗,
哈利,
羅恩,
哈利,
妙麗,
哈利,
妙麗,
哈利,
哈利,
妙麗,
哈利,
哈利,
羅恩,
羅恩,
妙麗,
哈利,
天狼星,
盧平,
路平,
盧平,
路平,
天狼星,
天狼星,
盧平,
天狼星,
盧平,
天狼星,
妙麗,
妙麗,
妙麗,
妙麗,
盧平,
妙麗,
路平,
盧平,
天狼星,
天狼星,
盧平,
天狼星,
天狼星,
盧平,
盧平,
路平,
哈利,
哈利,
哈利,
路平,
路平,
哈利,
天狼星,
天狼星,
天狼星,
石內卜,
石內卜,
石內卜,
石內卜,
天狼星,
天狼星,
盧平,
天狼星,
路平,
天狼星,
石內卜,
天狼星,
石內卜,
石內卜,
石內卜,
石內卜,
石內卜,
盧平,
石內卜,
哈利,
妙麗,
哈利,
盧平,
路平,
哈利,
路平,
路平,
哈利,
天狼星,
天狼星,
天狼星,
羅恩,
天狼星,
羅恩,
天狼星,
天狼星,
天狼星,
羅恩,
哈利,
天狼星,
天狼星,
哈利,
哈利,
羅恩,
羅恩,
小矮星,
天狼星,
天狼星,
路平,
小矮星,
小矮星,
小矮星,
小矮星,
天狼星,
小矮星,
小矮星,
小矮星,
天狼星,
哈利,
路平,
哈利,
哈利,
小矮星,
哈利,
哈利,
哈利,
天狼星,
天狼星,
榮恩,
羅恩,
天狼星,
天狼星,
天狼星,
天狼星,
天狼星,
哈利,
羅恩,
哈利,
哈利,
妙麗,
哈利,
榮恩,
妙麗,
羅恩,
羅恩,
妙麗,
羅恩,
羅恩,
天狼星,
天狼星,
天狼星,
天狼星,
天狼星,
哈利,
哈利,
哈利,
小矮星,
小矮星,
小矮星,
小矮星,
小矮星,
路平,
天狼星,
哈利,
天狼星,
哈利,
天狼星,
天狼星,
天狼星,
天狼星,
天狼星,
天狼星,
天狼星,
哈利,
哈利,
石內卜,
石內卜,
哈利,
哈利,
哈利,
哈利,
妙麗,
妙麗,
哈利,
妙麗,
妙麗,
妙麗,
妙麗,
哈利,
羅恩,
羅恩,
羅恩,
妙麗,
妙麗,
鄧不利多,
鄧不利多,
鄧不利多,
鄧不利多,
鄧不利多,
鄧不利多,
鄧不利多,
鄧不利多,
鄧不利多,
鄧不利多,
鄧不利多,
鄧不利多,
羅恩,
妙麗,
哈利,
哈利,
哈利,
妙麗,
哈利,
德拉科,
哈利,
哈利,
妙麗,
妙麗,
哈利,
妙麗,
妙麗,
妙麗,
哈利,
妙麗,
德拉科,
德拉科,
妙麗,
羅恩,
哈利,
妙麗,
妙麗,
妙麗,
妙麗,
哈利,
妙麗,
妙麗,
榮恩,
哈利,
妙麗,
哈利,
哈利,
妙麗,
妙麗,
妙麗,
妙麗,
妙麗,
妙麗,
妙麗,
哈利,
哈利,
妙麗,
妙麗,
妙麗,
哈利,
妙麗,
羅恩,
妙麗,
哈利,
鄧不利多,
福奇,
哈利,
哈利,
妙麗,
哈利,
福奇,
鄧不利多,
哈利,
妙麗,
妙麗,
妙麗,
鄧不利多,
鄧不利多,
鄧不利多,
福奇,
鄧不利多,
鄧不利多,
妙麗,
鄧不利多,
鄧不利多,
哈利,
鄧不利多,
福奇,
鄧不利多,
福奇,
福奇,
鄧不利多,
鄧不利多,
鄧不利多,
海格,
福奇,
福奇,
鄧不利多,
鄧不利多,
鄧不利多,
鄧不利多,
海格,
妙麗,
哈利,
哈利,
哈利,
妙麗,
哈利,
妙麗,
妙麗,
盧平,
妙麗,
哈利,
妙麗,
妙麗,
哈利,
哈利,
哈利,
妙麗,
妙麗,
哈利,
哈利,
妙麗,
哈利,
妙麗,
哈利,
哈利,
妙麗,
哈利,
哈利,
哈利,
哈利,
哈利,
哈利,
妙麗,
哈利,
哈利,
妙麗,
妙麗,
哈利,
妙麗,
哈利,
哈利,
哈利,
哈利,
哈利,
妙麗,
妙麗,
哈利,
哈利,
妙麗,
哈利,
哈利,
哈利,
哈利,
哈利,
天狼星,
哈利,
天狼星,
天狼星,
天狼星,
哈利,
天狼星,
天狼星,
天狼星,
天狼星,
哈利,
天狼星,
天狼星,
天狼星,
天狼星,
妙麗,
哈利,
鄧不利多,
羅恩,
羅恩,
羅恩,
妙麗,
哈利,
哈利,
路平,
路平,
路平,
哈利,
盧平,
哈里,
盧平,
盧平,
哈利,
盧平,
路平,
盧平,
路平,
哈利,
哈利,
盧平,
路平,
盧平,
盧平,
盧平,
盧平,
路平,
路平,
路平,
盧平,
榮恩,
內維爾,
SEAMUS,
哈利,
羅恩,
榮恩,
羅恩,
羅恩,
喬治,
弗雷德,
哈利,
哈利,
羅恩,
妙麗,
妙麗,
哈利,
哈利,
